MeanSizeStep,SDSizeStepp
4.168606477349593,3.4656856254369792
