MeanSizeStep,SDSizeStepp
5.938698745960391,8.453721183460262
